# CONTAMINATED METRICS: views_now, replies_now, reposts_now are post-launch engagement — NOT early signals.
# They are inflated by the coin's success after launch; use for reference only.
# Enriched 2026-07-29T19:20:48.398Z from filled-backtest-blind-sheet.csv
# X official spend this session: $4.700 (940 reads)
# author_followers is a CLEAN early signal — not inflated by post-launch coin success (safe for analysis).
# views_now / replies_now / reposts_now remain CONTAMINATED post-launch metrics.
# Follower fill 2026-07-29T19:34:33.601Z · methods: {"x_profile":20,"nitter":0,"x_official":0,"failed":0}
# X official spend this run: $0.000 (0 reads)

row_id,ticker,name,description,twitter,pumpfun,image,graduated,mint,post_url,origin_platform,post_views,one_word_name,has_character,works_as_photo,funny_not_serious,others_copying_it,crypto_noticed,hours_post_to_launch,author_handle,author_followers,post_created_at,media_type,views_now [contaminated],replies_now [contaminated],reposts_now [contaminated],post_text,enrich_method,enrich_error,author_followers_method
1,SAOF,Strategic American Oil Fund,Official Strategic American Oil Fund Coin.,https://x.com/saoftoken,https://pump.fun/H4jz94W3vj8baeqULVtWGysQYVEMGnjEn8DFrhekpump,https://ipfs.io/ipfs/bafybeialvmdddqpj64wssppzcavpnuf45b2enhlpuprlxynrqswwuoiufq,7/27 12:58,H4jz94W3vj8baeqULVtWGysQYVEMGnjEn8DFrhekpump,,,,,,,,,,,,,,,,,,,,,
2,ROBINJACK,ROBINJACK,$ROBINJACK — The Legend of Sherwood Reborn on Blockchain. Inspired by the Robinhood Chain movement. A community-powered uprising to reclaim financial freedom. …,https://x.com/therobinjack,https://pump.fun/DDWjoEafc3AYGXRHtCjqNKXEDmrsmSnF2n54qpqRpump,https://ipfs.io/ipfs/bafybeifou3ny24ys6se5k4qfiupckjwejbw2z3mgzmtl4yodea5r5wpxmy,7/28 5:03,DDWjoEafc3AYGXRHtCjqNKXEDmrsmSnF2n54qpqRpump,,,,,,,,,,,,,,,,,,,,,
3,存 在,Beauti AI,,https://x.com/beauti_ai_sol,https://pump.fun/AkhMGmhkHzdcwvxam1XoXGeaTeXRc1VZ4TUFVdRupump,https://ipfs.io/ipfs/bafybeidp44i5kquchrrr6xg7ym2hzxdegynxj5cbfwckv5vopr5d4eywcy,7/27 17:28,AkhMGmhkHzdcwvxam1XoXGeaTeXRc1VZ4TUFVdRupump,,,,,,,,,,,,,,,,,,,,,
4,Duckould,Duckould,,https://x.com/search?q=Duckould&src=typed_query&f=top,https://pump.fun/NHtTfR7TTCXbFCmZcjGakPASHMtxf4sm9Xaf4Uopump,https://ipfs.io/ipfs/bafybeiahcmeza4etr55uqmlv6o4rsdnyxbu3vq53g4zz2dyo7vg67pri4e,7/27 21:18,NHtTfR7TTCXbFCmZcjGakPASHMtxf4sm9Xaf4Uopump,,,,,,,,,,,,,,,,,,,,,
5,Nuannuan,Nuannuan,Launched on discord.gg/uxento,https://x.com/genyrational/status/2081742738802766303,https://pump.fun/FBKyGDGLg4WYVecXfSL8Ke2fNXe8Si72NeGbcRSXpump,https://ipfs.io/ipfs/QmbzBB9vRqJftu4g5bivASYitpbuaJiyddQr21CHCSEXeq,7/27 15:13,FBKyGDGLg4WYVecXfSL8Ke2fNXe8Si72NeGbcRSXpump,https://vm.tiktok.com/ZN8eSDc8R/,tiktok,,no,yes,yes,yes,yes,yes,,@sosspritee,,,video,,,,#fyp #newmusic,tiktok_oembed,,
6,RETCATE,Retcatecoin,,,https://pump.fun/BcNhFkxKPTxmYzK4G98VafhaHWBSy9deTujuTok6pump,https://ipfs.io/ipfs/bafkreifss57omv77cxwrpdfijy7brpajujaavl54h2htwmk52zv3mqoy4e,7/27 17:57,BcNhFkxKPTxmYzK4G98VafhaHWBSy9deTujuTok6pump,,,,,,,,,,,,,,,,,,,,,
7,EPIKINU,TEH EPIK INU,,,https://pump.fun/AmFYas45X8swKmkakhYrAYkSQKfkTZsMyGvaV3qdpump,https://ipfs.io/ipfs/bafkreie5mwjmpouzaoh37w5dl56fmcm2bgimcyyyj7jj2wsnnudprdqumi,7/27 13:44,AmFYas45X8swKmkakhYrAYkSQKfkTZsMyGvaV3qdpump,,,,,,,,,,,,,,,,,,,,,
8,Lippo,Lippo,"A wide-eyed red cat in a bright blue hood, glowing with chaotic energy against a vivid crimson background",https://x.com/search?q=Lippo&src=typed_query&f=top,https://pump.fun/F6HpYrZjErKW1b1tSbYnr7MNd6DSSuEWzaAKfWPLpump,https://ipfs.io/ipfs/bafybeigv53clkjuv3wu2odtp4ixy3pt63gsunaipltudynzfjd7gtccqiu,7/28 3:22,F6HpYrZjErKW1b1tSbYnr7MNd6DSSuEWzaAKfWPLpump,,,,,,,,,,,,,,,,,,,,,
9,COCORO,Cocoro Coin,,https://x.com/MrSolanaPrezzy/status/2082068414869237769,https://pump.fun/DHKKPngwpM8aHngpEeGx76qfU3mA1jkCVAL6CEMpump,https://axiomtrading-v2.axiom-cdn.io/HASku6mxpD614kWumKfuEGijFNAraifxP1CMwTZmpump.webp,7/28 12:49,DHKKPngwpM8aHngpEeGx76qfU3mA1jkCVAL6CEMpump,,,,,,,,,,,,,,,,,,,,,
10,CAPYCHAD,CAPY CHAD,,,https://pump.fun/H6i15mTZE5r2YF9gCMSdAsUe2uGF5FgeGLSpgE2dpump,https://ipfs.io/ipfs/bafybeidm5eiwo6i5a4ocn5bsups2dasjgr5gulnl3oamsns6p7g4emvfoa,7/28 4:21,H6i15mTZE5r2YF9gCMSdAsUe2uGF5FgeGLSpgE2dpump,,,,,,,,,,,,,,,,,,,,,
11,EPIKMOO,TEH EPIK MOO DENG,,,https://pump.fun/6tt4oKmNFaAtZpB2GW5SufzpngPZK4RNgGgqDxaSpump,https://ipfs.io/ipfs/bafkreiajmgc7oqr3lh5kt3ag3gnxtdzr2as7vjhm3jskoxc7frh2bo6ls4,7/27 13:56,6tt4oKmNFaAtZpB2GW5SufzpngPZK4RNgGgqDxaSpump,,,,,,,,,,,,,,,,,,,,,
12,DIREX,DIREX,$DIREX is a tiny shadow creature tucked inside a handmade dinosaur suit.,https://x.com/direxsmalldino,https://pump.fun/5KAbdaHswNcFsaufBXJHoLXyCoCNDyfUdL8n8qBLpump,https://ipfs.io/ipfs/bafybeig6pfafw4gbgvejujnjpzh24x3zsmdakl3pqiglk33ooaogs5pp6q,7/28 21:23,5KAbdaHswNcFsaufBXJHoLXyCoCNDyfUdL8n8qBLpump,,,,,,,,,,,,,,,,,,,,,
13,EPIKANSEM,TEH EPIK BULL,,,https://pump.fun/oM4vFCVWSDRvjf8CXMasrUQvBMBW2khXiFvmscmpump,https://ipfs.io/ipfs/bafkreiepqu7dojf3rsjp5gqllb267huuhf4qgpl5ahjirgvnyxw7j3fmsi,7/27 13:07,oM4vFCVWSDRvjf8CXMasrUQvBMBW2khXiFvmscmpump,,,,,,,,,,,,,,,,,,,,,
14,SOL2,Solana 2,,https://x.com/Trencherbill7/status/2082129393204240798,https://pump.fun/ABexeQT4Jt2hu3AvcqF6TxcTxoWrNu1DeGb8jqLGpump,https://axiomtrading-v2.axiom-cdn.io/4C48saXDU8iLp7MUN1tpKCR3BdE3cCYStw6AVuo7b8wK.webp,7/28 16:42,ABexeQT4Jt2hu3AvcqF6TxcTxoWrNu1DeGb8jqLGpump,,,,,,,,,,,,,,,,,,,,,
15,SolCat,SolCat,The Cat meta is here. Why chase copies when the original has been hiding in the official Solana GitHub all along? Meet “SolCat” the only cat embedded in the of…,https://x.com/i/communities/2038854012578173030,https://pump.fun/EFWaGHL2ohnYM31AcE3YpwhYYCwehPxpRay4i8Bgpump,https://ipfs.io/ipfs/QmbFcKw5poRuvEpLzdFVmrW3WsxNgJ4vKDV1eAr9c4YsoC,7/27 14:30,EFWaGHL2ohnYM31AcE3YpwhYYCwehPxpRay4i8Bgpump,,,,,,,,,,,,,,,,,,,,,
16,TYLER,The White Bull,,https://x.com/TylerDurden/status/2082123212154900768,https://pump.fun/7ojAkRQEnsnKYYStKsAziqdnFYEQfJQGWFmfM1Djpump,https://axiomtrading.sfo3.cdn.digitaloceanspaces.com/EU6bp8sSA5r7pYo4pdKk6nJjB1wVuKDrJJcZbnUJpump.webp,7/28 16:18,7ojAkRQEnsnKYYStKsAziqdnFYEQfJQGWFmfM1Djpump,,,,,,,,,,,,,,,,,,,,,
17,OSCAR,SPACEDOG,,https://www.dexerto.com/tiktok/tiktoker-sends-dogs-ashes-into-space-with-his-favorite-toy-story-alien-3391884/,https://pump.fun/HRBFRndb1jceyxGBZtLvvdz1YAxwJRFP5n5zo5TGpump,https://axiomtrading-v2.axiom-cdn.io/BPjUPj5GMNF5PuFtzZ7pC18aQnPDRCmPVNd7AWKupump.webp,7/28 15:12,HRBFRndb1jceyxGBZtLvvdz1YAxwJRFP5n5zo5TGpump,https://x.com/dexerto/status/2082126443065065786?s=46,x,,yes,yes,yes,no,yes,yes,-1.30,@Dexerto,1401054,2026-07-28T15:30:02.000Z,image,,170,,"TikToker The Battersby sent his dog's ashes into space alongside his favorite alien toy using a homemade spacecraft

""Oscar, I've now shown you the world, like I promised"" https://t.co/E4ACNrlj1E",syndication,,x_profile
18,Speedy,Turtle Wif Wheels,-,https://x.com/essencepnl/status/2082093696372126093,https://pump.fun/8jWxPGTKGUK2Aw2jTWAXsb4UoJVWY2ydQGYxAYwopump,https://ipfs.launchblitz.ai/async/6dc4634e-f6dc-4bbd-a259-255e5f41d63d.jpg,7/28 14:30,8jWxPGTKGUK2Aw2jTWAXsb4UoJVWY2ydQGYxAYwopump,https://youtu.be/y0mp9dtArMQ,youtube,,no,yes,yes,unsure,no,yes,,KVUE,,,video,,,,Southwestern students create 3D-printed mobility aid to help injured Georgetown tortoise,youtube_oembed,,
19,PHILO,PHILOSOPHY,,https://x.com/thephilos0phy,https://pump.fun/9jFMtdTtREkwnimNwagzr8fhM8R3e2cpVXK2m9eNpump,https://ipfs.io/ipfs/bafybeidrkuloy4umkuzhr6kwpsl7r7yih2vq4qxktw3ernqsjdn24aks7y,7/29 6:41,9jFMtdTtREkwnimNwagzr8fhM8R3e2cpVXK2m9eNpump,,,,,,,,,,,,,,,,,,,,,
20,Collective,The Ansem Collective,Ansem just launched a Discord called “The Ansem Collective.”,https://x.com/Supermanonchain/status/2082110505502871937,https://pump.fun/BQaxKoDhGhsSJMLSiwBSPA8EkE8eykPb2q5FRWRBpump,https://ipfs.io/ipfs/QmdPG44RGLM13YsFBkxnRqGMWeGD8eSNLH7vgwi4kC2kFK,7/28 15:27,BQaxKoDhGhsSJMLSiwBSPA8EkE8eykPb2q5FRWRBpump,https://x.com/blknoiz06/status/2082106660131049482?s=46,x,,no,no,no,no,no,yes,0.26,@blknoiz06,1222426,2026-07-28T14:11:26.000Z,text,,321,,"made a discord because X is a horrible venue for discussing different topics at length with one unified community, discord having channels where I can post my thoughts/ideas in one place and ppl can always refer back to, as well as the community discussing amongst each other in",syndication,,x_profile
21,FROGGY,FROGGY,,,https://pump.fun/5ZTGoTqjNqwA9GDRtgjr4o8MixR7TeSQSjuE4b8gpump,https://ipfs.io/ipfs/QmbmV4wSTsu9qjpMH1E7eg5qwYKByDVdfPAncvFo88yR9U,7/29 9:30,5ZTGoTqjNqwA9GDRtgjr4o8MixR7TeSQSjuE4b8gpump,,,,,,,,,,,,,,,,,,,,,
22,CATJAK,Catjak,He was supposed to have 9 lives. Now he's on his tenth. Catjak is immortal.,http://x.com/CatjakSOL,https://pump.fun/3taE4SdY29sa3fnwyWqfshudJ95gMb9LoFTy5Uuppump,https://ipfs.io/ipfs/bafkreie7bqfaoh6xwkaln7fqh67xvumhyqrjgye3stx3s54wjnwnkq5mym,7/28 18:41,3taE4SdY29sa3fnwyWqfshudJ95gMb9LoFTy5Uuppump,,,,,,,,,,,,,,,,,,,,,
23,ELON,ExtremeLeveragedOrbitalNonsense,Apu vs DOGE-1 — first mascot to the sky Elon made it official: a Dogecoin-funded satellite is riding a Falcon 9 to lunar orbit. Cute. We can't beat a Falcon 9 …,https://x.com/orbitalnonsens1,https://pump.fun/CuZ7JVSnrc2BdkZ6aVWjwyfnZrgNE3k8udxYVjgfpump,https://ipfs.io/ipfs/QmarVyhDHCq2kUMiNph9b4rt3tJ3Q7zmDgLVP8vfgtY2Qv,7/28 15:19,CuZ7JVSnrc2BdkZ6aVWjwyfnZrgNE3k8udxYVjgfpump,,,,,,,,,,,,,,,,,,,,,
24,Smugs,Smugs,Created on https://rapidlaunch.io,https://x.com/Wonderful_Devs/status/2082079750156324998,https://pump.fun/4BwfCsmzbfUUb7uWxTgy4oDhdCHMGZCqntmz3CHdpump,https://m.rapidlaunch.io/images/ZMafmS0m7.jpg,7/28 13:49,4BwfCsmzbfUUb7uWxTgy4oDhdCHMGZCqntmz3CHdpump,https://www.reddit.com/r/SmugIdeologyMan/hot/?screen_view_count=16&ext-referrer=DIRECT,reddit,,yes,yes,yes,yes,yes,yes,,,,,,,,,,failed,"Unexpected token '<', ""<!doctype ""... is not valid JSON",
25,RETARD,Retardcoin,,,https://pump.fun/HkTs8htrZbiACTq2aEtTs1fMjwWvjQRHSZQs2PbFpump,https://ipfs.io/ipfs/bafkreibsvmj6awixyxadoo34cwhtrylewimu62i6oyt3e6lf7sapylupta,7/27 18:26,HkTs8htrZbiACTq2aEtTs1fMjwWvjQRHSZQs2PbFpump,,,,,,,,,,,,,,,,,,,,,
26,Pipsi,Pipsi,A little turquoise monster unleashes powerful cosmic energy amid fire and lightning,https://x.com/search?q=Pipsi&src=typed_query&f=top,https://pump.fun/Fjk85AkFthZYYyJW5PvZtkJuVhkTLuusscdcacE4pump,https://ipfs.io/ipfs/bafybeidkxfvbqvakoy5aupf72uqim2nqn6r6tsv7vfiwax65v3pqolnysi,7/28 3:37,Fjk85AkFthZYYyJW5PvZtkJuVhkTLuusscdcacE4pump,,,,,,,,,,,,,,,,,,,,,
27,GOAP,Global Oil Asset Plan,Official Global Oil Asset Plan Coin.,,https://pump.fun/owsjKRT7xbxk4wX5bkHRVsddQGwSnhbiLr5ErpYpump,https://ipfs.io/ipfs/bafybeiagc6cfmqv46m35ehgkendxmfvkkb7gntmbufizitj3bkcxmzp7xi,7/27 17:12,owsjKRT7xbxk4wX5bkHRVsddQGwSnhbiLr5ErpYpump,,,,,,,,,,,,,,,,,,,,,
28,SAOF,SAOF,,,https://pump.fun/HRXLeeNKJqtoy6ffQyGPrsYzjeNJxG2WQT1xgmSZpump,https://ipfs.io/ipfs/bafkreihjdho74pxiwil6sfrnehgz3shmo7adka24fxc6nrdfjkv5ygguie,7/28 9:53,HRXLeeNKJqtoy6ffQyGPrsYzjeNJxG2WQT1xgmSZpump,,,,,,,,,,,,,,,,,,,,,
29,JACARE,Rela No Jacaré,,https://x.com/jacaresolana,https://pump.fun/HK3igJ6L4MiZZ2zM12Nohu1MGZRzKJvqbpFwz1yopump,https://ipfs.io/ipfs/bafkreihhjuiuvmnv4wr67ti6wbyekhybdfp2mgcf3qtjdb33wmfwle764u,7/27 18:01,HK3igJ6L4MiZZ2zM12Nohu1MGZRzKJvqbpFwz1yopump,https://x.com/nyckzy_/status/2080927853370048993?s=46,x,,yes,yes,yes,yes,yes,yes,56.91,@nyckzy_,212,2026-07-25T08:07:16.000Z,video,,299,,amo fzr as pessoas rirem me sinto assim  https://t.co/a4FoN1Rnzk,syndication,,x_profile
30,29CLUB,RULETA $1,🎰 Bienvenido al 29 CLUB. La ruleta ya empezó a girar. 🚀 Nuestra meta es $1 y no pensamos parar hasta llegar. 🌕 💎 Hold. 📈 Crece. 🚀 Despega. El próximo pro…,https://x.com/29ruleta,https://pump.fun/9TPJShvKmyB9Jm1ozuYNh2qGQD6sdXm5c9uHFa8apump,https://ipfs.io/ipfs/QmTGfsTLUqK2Mw82DcvuAHYZ2y7FHAZzwzJjxH485Bra2C,7/28 19:22,9TPJShvKmyB9Jm1ozuYNh2qGQD6sdXm5c9uHFa8apump,,,,,,,,,,,,,,,,,,,,,
31,blepunc,blepunc,Deployed using https://j7tracker.io,https://x.com/ddddddd8a/status/2081893757494993266,https://pump.fun/2Ujp74YQoBzSKFnZhYuCGN4GaFjLh4GZckA32wPopump,https://axiomtrading-v2.axiom-cdn.io/F68BCLjHxGg3TXhvifrxNYjByGnsWrhzDX5puTbepump.webp,7/28 1:07,2Ujp74YQoBzSKFnZhYuCGN4GaFjLh4GZckA32wPopump,https://x.com/nypost/status/2081892242289991803?s=46,x,,no,yes,yes,yes,no,no,0.14,@nypost,4031439,2026-07-27T23:59:24.000Z,image,,32,,"Maniac sticks out tongue as he surrenders to cops months after allegedly killing dad, injuring mom and daughter in head-on crash https://t.co/cvURFI16mG https://t.co/4wdy1Vcvwp",syndication,,x_profile
32,ROBINJACK,ROBINJACK,$ROBINJACK — The Legend of Sherwood Reborn on Blockchain. Inspired by the Robinhood Chain movement. A community-powered uprising to reclaim financial freedom. …,,https://pump.fun/9M2MvRpFSQp6aVANpFRTqi9vmZRvmqeAKuSLpw85pump,https://ipfs.io/ipfs/bafybeifou3ny24ys6se5k4qfiupckjwejbw2z3mgzmtl4yodea5r5wpxmy,7/28 4:46,9M2MvRpFSQp6aVANpFRTqi9vmZRvmqeAKuSLpw85pump,,,,,,,,,,,,,,,,,,,,,
33,YellowDuck,The Yellow Duck,,https://x.com/search?q=%24YellowDuck&src=typed_query&f=top,https://pump.fun/8bbqzCtn5pnDvBy5p3fvcSoo9cgncrWau7qZm54ipump,https://ipfs.io/ipfs/bafybeicfcxai4b2xb2tw7q553lfmq3ebjyoxy42ycgnfdrpgijmlgas4gm,7/29 4:21,8bbqzCtn5pnDvBy5p3fvcSoo9cgncrWau7qZm54ipump,,,,,,,,,,,,,,,,,,,,,
34,RICHFRANK,RICH FRANK,,,https://pump.fun/Gq5JfmP2WH6PfLKbTwZFBTpjGtNoWA6JuHarFdz8pump,https://ipfs.io/ipfs/bafkreie5jxyksncrilucecltlz2p5jozn5c5xebgltvh7jlvi4etjqbpvu,7/29 11:55,Gq5JfmP2WH6PfLKbTwZFBTpjGtNoWA6JuHarFdz8pump,,,,,,,,,,,,,,,,,,,,,
35,CC,Copyright Coin,The only coin you're legally not allowed to copy. ©,https://x.com/roshii/status/2082137029903601738?s=20,https://pump.fun/3twiF2neMVnS9as6UdFctjXVztBvsJeZcqQoKvpopump,https://ipfs.io/ipfs/bafybeid6g6e3gzljd2r5oyfqezdmyd7l3c3tq6o6px7rn4nctdgmolf4xm,7/28 17:17,3twiF2neMVnS9as6UdFctjXVztBvsJeZcqQoKvpopump,,,,,,,,,,,,,,,,,,,,,
36,ShitDuck,Shit DUCK,,https://x.com/search?q=Shit%20DUCK&src=typed_query&f=top,https://pump.fun/qzJY4CTzopEhQs1eBWursM5GEMFuEKFc1P8Qwg6pump,https://ipfs.io/ipfs/bafybeihjuf6u7reo5pixylkundkq6ubkckwzxe2cg5qwczury26wuy6iqe,7/28 0:57,qzJY4CTzopEhQs1eBWursM5GEMFuEKFc1P8Qwg6pump,,,,,,,,,,,,,,,,,,,,,
37,mogdog,mogdog,,https://x.com/chillmigratoor/status/2082077075280691484,https://pump.fun/CsW2BpV3bGTTC7rffN42pkc5x2SKhY5tggT63kZwpump,https://metadata.j7tracker.io/images/JPUZiQkTpY,7/28 13:20,CsW2BpV3bGTTC7rffN42pkc5x2SKhY5tggT63kZwpump,https://vm.tiktok.com/ZN8eSMHrq/,tiktok,,yes,yes,yes,yes,yes,yes,,,,,,,,,,failed,tiktok oembed HTTP 400,
38,imy,I miss you,Deployed using https://j7tracker.io,https://x.com/CryptoFaverity/status/2082095378392899845,https://pump.fun/J66xTjj8G2BS1CGQDRXJXswcS9L8ymsQevmHvuwipump,https://axiomtrading-v2.axiom-cdn.io/6agbYji43Vz9Xfb6Sc7jYP7x3ygeeWS4cRudLovmpump.webp,7/28 14:48,J66xTjj8G2BS1CGQDRXJXswcS9L8ymsQevmHvuwipump,https://x.com/7i__g/status/2081884301096784210?s=46,x,,yes,yes,yes,yes,yes,yes,14.01,@7i__g,30409,2026-07-27T23:27:51.000Z,image,,368,,https://t.co/3ybVqME79O,syndication,,x_profile
39,FRANKSEM,The Black Turtle,,,https://pump.fun/HHQqoo7Vz2g5R6ZZJtE2rjsp8kwNopLhmqNAST4zpump,https://ipfs.io/ipfs/bafybeiaxoi4yov7fpcm3bp3upty7kot3ggswih7sg3snyo3ut5p2ll44ym,7/29 2:02,HHQqoo7Vz2g5R6ZZJtE2rjsp8kwNopLhmqNAST4zpump,,,,,,,,,,,,,,,,,,,,,
40,DUFROG,Duck In Frog,,https://x.com/Dufrogsol,https://pump.fun/CyFMFt7UYfpiuH1ULm6QPgk5q9GLEMZYzxL1PuY3pump,https://ipfs.io/ipfs/bafkreicpnrt6hdyoxmmxiqufjmegljbywng2c6khur3nrrgq34wil3ckly,7/28 19:53,CyFMFt7UYfpiuH1ULm6QPgk5q9GLEMZYzxL1PuY3pump,,,,,,,,,,,,,,,,,,,,,
41,SOL2,Solana 2,Created on https://rapidlaunch.io,https://x.com/adolfthedev/status/2082132477515071544,https://pump.fun/A6otVhkWVcurt9sHNExvBoQqx2KXSnqJYcRYwhgcpump,https://axiomtrading.sfo3.cdn.digitaloceanspaces.com/ABexeQT4Jt2hu3AvcqF6TxcTxoWrNu1DeGb8jqLGpump.webp,7/28 16:54,A6otVhkWVcurt9sHNExvBoQqx2KXSnqJYcRYwhgcpump,,,,,,,,,,,,,,,,,,,,,
42,autopsy,autopsy,,https://x.com/autopsymoney,https://pump.fun/352gGim48yvHRAAdRx7SeqiTfJXaZEck8WK4SZrcpump,https://ipfs.io/ipfs/bafkreie355ungpldyjxuu52gc64fa3rykro4qotqccobmdf2gawciwxeya,7/27 23:23,352gGim48yvHRAAdRx7SeqiTfJXaZEck8WK4SZrcpump,,,,,,,,,,,,,,,,,,,,,
43,RACCOONE,Raccoonecoin,,,https://pump.fun/DAKc5yijHX1YmQPqCUJzyXKQRkSaUZjUSTZZV7m6pump,https://ipfs.io/ipfs/bafybeibin24w5dq5wl5xk73k54mz3ho7avizfztcefhbd4f45hycapjrvy,7/27 15:11,DAKc5yijHX1YmQPqCUJzyXKQRkSaUZjUSTZZV7m6pump,,,,,,,,,,,,,,,,,,,,,
44,ZEN,zen lemur,,https://x.com/i/communities/2025494466744697100,https://pump.fun/CDGJtZHWHCuKN2oGs7agrrf9GGQ4UKjzuXRSVkUMpump,https://ipfs.io/ipfs/bafybeift45nzzup6msrwe3yneoklkupditkrtjlmuejltjdeh6nlvrenbu,7/28 0:12,CDGJtZHWHCuKN2oGs7agrrf9GGQ4UKjzuXRSVkUMpump,,,,,,,,,,,,,,,,,,,,,
45,MuskDuck,Musk Duck,,https://x.com/search?q=Musk%20Duck&src=typed_query&f=top,https://pump.fun/8gZiY35vaZrWaMLxKDMHMK725PzSgHNpGZxLL8fTpump,https://ipfs.io/ipfs/bafybeidcj5r7z46gt5zagbaraosgfteh2o5vjwugyarmtuvqiwk2pem5lq,7/28 1:15,8gZiY35vaZrWaMLxKDMHMK725PzSgHNpGZxLL8fTpump,,,,,,,,,,,,,,,,,,,,,
46,Haru,はる,,https://x.com/yniggachinese/status/2082090165393059963,https://pump.fun/6QimyRr3p7f1vCTqZ9h8LUQG7LBMjc6tJj1DNzPPpump,https://axiomtrading.sfo3.cdn.digitaloceanspaces.com/FKPz4gEnB8i5xxrL7DT2NahfD4NU8toYRzZVeuHgbonk.webp,7/28 14:18,6QimyRr3p7f1vCTqZ9h8LUQG7LBMjc6tJj1DNzPPpump,https://x.com/ame__xc/status/2081813948857565324?s=46,x,,yes,yes,yes,yes,no,yes,18.30,@ame__xc,6626,2026-07-27T18:48:18.000Z,image,,44,,"サムネがいい

https://t.co/hLVRKTDKXR https://t.co/hqTiCQBBck",syndication,,x_profile
47,VRCAT,VRCAT,,https://x.com/LexLuthorTheDev/status/2081886695360811185?s=20,https://pump.fun/6ReG5TSHpGmsH3PNv6RougY2X16hwnzYLjq6yV6pump,https://axiomtrading-v2.axiom-cdn.io/9sR2AsBKTufGmwh823hpVajFaWzK26fFqFAy3gUDpump.webp,7/28 0:40,6ReG5TSHpGmsH3PNv6RougY2X16hwnzYLjq6yV6pump,https://x.com/viramimoza/status/2081488943829385292?s=46,x,,yes,yes,yes,yes,no,yes,26.40,@viramimoza,44001,2026-07-26T21:16:51.000Z,video,,482,,🩷🧡✨😽 https://t.co/jFykVXiyxy,syndication,,x_profile
48,Oscar,The Space Dog,Deployed using https://j7tracker.io,https://x.com/Himothy_Goggins/status/2082325022736015796,https://pump.fun/FvrFa3yZbNSNsDQ85GS2ivtvzVi6tmCLA68xGuo5pump,https://metadata.j7tracker.io/images/52ece29290a54b7b,7/29 6:00,FvrFa3yZbNSNsDQ85GS2ivtvzVi6tmCLA68xGuo5pump,https://x.com/dexerto/status/2082126443065065786?s=46,x,,yes,yes,yes,no,yes,yes,13.51,@Dexerto,1401054,2026-07-28T15:30:02.000Z,image,,170,,"TikToker The Battersby sent his dog's ashes into space alongside his favorite alien toy using a homemade spacecraft

""Oscar, I've now shown you the world, like I promised"" https://t.co/E4ACNrlj1E",syndication,,x_profile
49,CHILlSEM,The Chiil Bull,,,https://pump.fun/Ee4U3vPDxq8E3ZMTYirdfy82K9Xm3ZvquHFdJDkXpump,https://ipfs.io/ipfs/bafybeibycy7khpdr35yxejkdu76owsgmbbsvbqadkokmleejninnu5xgki,7/27 22:41,Ee4U3vPDxq8E3ZMTYirdfy82K9Xm3ZvquHFdJDkXpump,,,,,,,,,,,,,,,,,,,,,
50,Paloma,El Paloma,,https://x.com/chillmigratoor/status/2082045357056225699,https://pump.fun/6j5kJto61XubRJEZWHC7iRyVi8pUp8wqD2GvYBR9pump,https://metadata.j7tracker.io/images/RqthCfcm0R,7/28 12:20,6j5kJto61XubRJEZWHC7iRyVi8pUp8wqD2GvYBR9pump,https://vm.tiktok.com/ZN8eSMmLh/,tiktok,,no,yes,yes,yes,yes,no,,@joje45463,,,video,,,,,tiktok_oembed,,
51,ECAT,TEH EPIK CAT,"Big ears, bigger energy, and maximum feline chaos—this legendary cat is here to turn every timeline into an epik adventure! 🐱⚡️",https://x.com/tehepikcatsol,https://pump.fun/3KeUGy1hARt1rCCydFt11r6FuWAYUxnQZJ2JkwKbpump,https://ipfs.io/ipfs/bafkreiddvep5dfo5kfk4n624pedwglaqcug7jmi4jmp24nai6wkcgmxaz4,7/27 18:01,3KeUGy1hARt1rCCydFt11r6FuWAYUxnQZJ2JkwKbpump,,,,,,,,,,,,,,,,,,,,,
52,POE,POE,,,https://pump.fun/7FCKz8JzVCMm6coHUySn61rL9diJ6BTYToY7aXrvpump,https://ipfs.io/ipfs/bafybeihvmna6p7a5zl5uqxetoavlahyoc4olz2i727ynvepffc6wubvtlm,7/28 4:50,7FCKz8JzVCMm6coHUySn61rL9diJ6BTYToY7aXrvpump,,,,,,,,,,,,,,,,,,,,,
53,SPARKY,SPARKY,"Small Spark. Massive Gains. ⚡ Sparky is the cutest chaotic flame on Solana. Born from a glitch, running faster than rugs with electric energy and big dreams. C…",https://x.com/blazing_sparky,https://pump.fun/AfpoytNV4W18dpmPs5FghWJLJx9diH3qX2tuNH7Fpump,https://ipfs.io/ipfs/bafybeiepu753olh3hxeopcoa5ctx2gigxjvbiqdfpnaadjwzkmfuj36nwe,7/29 3:01,AfpoytNV4W18dpmPs5FghWJLJx9diH3qX2tuNH7Fpump,,,,,,,,,,,,,,,,,,,,,
54,BullDuck,Bull Duck,,https://x.com/search?q=Bull%20Duck&src=typed_query,https://pump.fun/6rHdxbofw4eP1aTz7bFuJwMAhC7TX1ZVhHNpEx2Xpump,https://ipfs.io/ipfs/bafybeif6tjhwzbqyiyapxuyxufuhfezchhmcufj5cx6de2bozmymrd5g7m,7/27 20:53,6rHdxbofw4eP1aTz7bFuJwMAhC7TX1ZVhHNpEx2Xpump,,,,,,,,,,,,,,,,,,,,,
55,OBUMMA,OBUMMA,,https://x.com/RT_com/status/2081832880624357537,https://pump.fun/2CZo3FTDQoXW7tx7Dmhcfqbm5bj3CbgfLsnTCVdqpump,https://cdn.levitatingbananatree.xyz/4671395e903405b792152717f40e2de8b979a92637362ca2a1b25d5f4e92aba5.png,7/27 21:05,2CZo3FTDQoXW7tx7Dmhcfqbm5bj3CbgfLsnTCVdqpump,https://x.com/RT_com/status/2081832880624357537,,,,,,,,,,,,,,,,,,failed,syndication: syndication empty payload; oembed: oembed HTTP 403; official: X official: tweet not found,
56,WHALE,WHALECOIN,WHALECOIN ON SOLANA,https://x.com/WHALECOINDEV,https://pump.fun/51Snf28Ez9bbRtYxL7PwmFeDwDzgH2yML2EKFvrTpump,https://ipfs.io/ipfs/bafybeidp6lyqdfpbl6ukedvyap6gipncbi35jm3mxtlwfxri7wolinha3u,7/28 20:18,51Snf28Ez9bbRtYxL7PwmFeDwDzgH2yML2EKFvrTpump,,,,,,,,,,,,,,,,,,,,,
57,meme.grok,meme.grok.me,,https://x.com/scarguyyy/status/2082146547970748428?s=20,https://pump.fun/8StZTTeAbnuMkvxpoijD3JdjL3Jq3HLJDyVrkrG1pump,https://ipfs.io/ipfs/bafkreia6mffvmp2kwnxsmwq6xcefzs4dcsrv5krgb4htfii3pii7hgtwy4,7/28 17:54,8StZTTeAbnuMkvxpoijD3JdjL3Jq3HLJDyVrkrG1pump,,,,,,,,,,,,,,,,,,,,,
58,BULLWHALE,The Bull Whale,The Bull Whale,https://x.com/search?q=The%20Bull%20Whale&src=typed_query&f=top,https://pump.fun/HAJXRinpwW3cNQrEscWodaGWwXrWYCZg1FytHr3kpump,https://ipfs.io/ipfs/bafybeigqjiiv77cco2h5omuy75dspxui3qqwayvmibog6y42gyvufyjs4y,7/29 11:38,HAJXRinpwW3cNQrEscWodaGWwXrWYCZg1FytHr3kpump,,,,,,,,,,,,,,,,,,,,,
59,EPIKPEPE,TEH EPIK PEPE,,,https://pump.fun/AnHX9xny5NWgh1mZXpBZpFjivwyKpi4rK6YHB9Mxpump,https://ipfs.io/ipfs/bafkreiat4dmint6wjaerxijg46u62a3ut27ijsqx2o2eh6kbthysuyqxyi,7/27 14:32,AnHX9xny5NWgh1mZXpBZpFjivwyKpi4rK6YHB9Mxpump,,,,,,,,,,,,,,,,,,,,,
60,USOS,United States Oil Supply,Official United States Oil Supply,,https://pump.fun/7g4Cnfj2LyWAPYYA5QhN8EVsjDKFfZdoW8izyhP3pump,https://ipfs.io/ipfs/bafybeicxhht56j3kt65y5w422j6c3fhlowl5qkv2wy6h63xld7v25ye6qm,7/28 5:59,7g4Cnfj2LyWAPYYA5QhN8EVsjDKFfZdoW8izyhP3pump,,,,,,,,,,,,,,,,,,,,,
61,UNSEM,The Bluck Bwull,,,https://pump.fun/CbtaojWySDkSMg8RSMPNfnRuzh8SMGEzSobsSzAXpump,https://ipfs.io/ipfs/bafkreibuhnmy7bvhdpw7afninziukcgcbvmfqcpmismx7kmmbv3fyyhfee,7/27 15:21,CbtaojWySDkSMg8RSMPNfnRuzh8SMGEzSobsSzAXpump,,,,,,,,,,,,,,,,,,,,,
62,meme,memecoin,,,https://pump.fun/Ds3gyPkmrgk4a9R7Kgx69Sa7TcK4ryPgg2nTtNhJpump,https://metadata.j7tracker.io/images/7821399f1ca84b51,7/28 17:54,Ds3gyPkmrgk4a9R7Kgx69Sa7TcK4ryPgg2nTtNhJpump,,,,,,,,,,,,,,,,,,,,,
63,SolCoon,Sol Raccoon,Its first solana raccoon,https://x.com/search?q=Sol%20Raccoon&src=typed_query&f=top,https://pump.fun/9g5SunD1awXRadYDPifMo39prQRM6S4ZU2HHFRBUpump,https://ipfs.io/ipfs/bafybeidxej76yuookillz4mcrzo2dp3ig6pjiruhrob3rrvduoc2msqdwe,7/29 5:07,9g5SunD1awXRadYDPifMo39prQRM6S4ZU2HHFRBUpump,,,,,,,,,,,,,,,,,,,,,
64,RUSSELL,Russell,,https://x.com/chillfindooor/status/2081742927148020008,https://pump.fun/4wXai7nhkzD4k2GCmN1BLiCNkUinM2FRyfRGL4Depump,https://axiomtrading-v2.axiom-cdn.io/Db6wHqzE2zUbWPebMJNSAzWRNSbxfZPRi1srJm7tpump.webp,7/27 15:09,4wXai7nhkzD4k2GCmN1BLiCNkUinM2FRyfRGL4Depump,,,,,,,,,,,,,,,,,,,,,
65,ZYN,ZYN,,https://x.com/RapidResponse47/status/2081774232053096791,https://pump.fun/GuKrJJvtu8nL2evGELo25gqkKiD3FyZHSpyydLNepump,https://metadata.j7tracker.io/images/EyISnuP2a7,7/28 22:20,GuKrJJvtu8nL2evGELo25gqkKiD3FyZHSpyydLNepump,https://x.com/rapidresponse47/status/2081774232053096791?s=46,x,,yes,no,yes,no,no,no,0.00,@RapidResponse47,2133379,2026-07-27T16:10:29.000Z,text,,39,,Philip Morris Doubles Zyn Factory Investment to $1.2 Billion https://t.co/QvuhKfHx1f,syndication,,x_profile
66,MANDO,The Autistic Bull,Created on https://rapidlaunch.io,https://x.com/rektmando/status/2081819134711456145,https://pump.fun/HcqfZsTZqxxzzJaTBqau6NUL7dTTPwxFxuFSYRfRpump,https://axiomtrading.sfo3.cdn.digitaloceanspaces.com/GV28GW5kfg7dC2vu3HVmjoPFknFceQfshq2ckqYpump.webp,7/27 20:09,HcqfZsTZqxxzzJaTBqau6NUL7dTTPwxFxuFSYRfRpump,,,,,,,,,,,,,,,,,,,,,
67,BIDEN,The Biden Tapes,Launched on discord.gg/uxento,https://x.com/thealexmorgan15/status/2082097384603926706,https://pump.fun/E8nwnRa82KWgTPxq5211hLh4fSpoT923TT64Egjpump,https://edge.uxento.io/image/Uq9Uxj2DgVv5BkmrXcTFYDhNtfMy8y2r7EfPjn55MHw,7/28 15:29,E8nwnRa82KWgTPxq5211hLh4fSpoT923TT64Egjpump,https://x.com/polymarket/status/2082095289272336846?s=46,x,,yes,yes,no,yes,yes,yes,0.14,@Polymarket,1810887,2026-07-28T13:26:15.000Z,text,,96,,"JUST IN: Newly released Biden tapes capture him telling his ghostwriter, “I just found all the classified stuff downstairs.”",syndication,,x_profile
68,EPIK,THE EPIK DUCK,,https://x.com/epikduckcoin,https://pump.fun/BvwbymsyQnySgKs6XW8nqnkRzQ6A8KpakW2FQJfwpump,https://ipfs.io/ipfs/bafybeicz5ztmzf3o7ysu5hzlpnymryg5nppukf5gam3rrx3xwlu62wfl7e,7/27 23:48,BvwbymsyQnySgKs6XW8nqnkRzQ6A8KpakW2FQJfwpump,,,,,,,,,,,,,,,,,,,,,
69,DO,Approved Coin,This coin is approved! Buy!,https://x.com/1000xmemefinder/status/2014423911950119199?s=20,https://pump.fun/7yvkh3Gpkv4fY5tjNZa2JyFzzqqNAZafNmjBXvDDpump,https://ipfs.io/ipfs/bafybeiegmdyznqkfl3p5jbetfrdmhek4tbh4upcewhp32s2q745ektcik4,7/28 11:57,7yvkh3Gpkv4fY5tjNZa2JyFzzqqNAZafNmjBXvDDpump,,,,,,,,,,,,,,,,,,,,,
70,SuperDuck,Super Duck,Just mega very big duck,https://x.com/search?q=Super%20Duck&src=typed_query&f=top,https://pump.fun/79ioGmD18yAHQh3aoAWVLaRjJgvqoorQoWGnjgGgpump,https://ipfs.io/ipfs/bafybeibee262rsfqjv3f6haup6y3nu43zdu3octl6b7yxqhlrpjezet664,7/27 23:33,79ioGmD18yAHQh3aoAWVLaRjJgvqoorQoWGnjgGgpump,,,,,,,,,,,,,,,,,,,,,
71,WHITESEM,The White Bull,,,https://pump.fun/5Kvqfc6KyVPqaZJJPSdkpk534nnzmorZLyEXncQ9pump,https://ipfs.io/ipfs/bafybeibxtwdgc5736fglm4my6bxud6fhvyufpi5l3if5h4scapols24aoq,7/29 10:12,5Kvqfc6KyVPqaZJJPSdkpk534nnzmorZLyEXncQ9pump,,,,,,,,,,,,,,,,,,,,,
72,SIMBA,生命之环,Created on https://rapidlaunch.io,https://x.com/Tigesol4/status/2082081776336601317?s=20,https://pump.fun/CEJHtZ38DWcKsbtsF2FmGPJ3GnmyeGLRMnSqm1Ygpump,https://m.rapidlaunch.io/images/P9AZuKNKh.jpg,7/28 13:34,CEJHtZ38DWcKsbtsF2FmGPJ3GnmyeGLRMnSqm1Ygpump,https://x.com/chinadaily/status/2082081140769452139?s=46,x,,yes,yes,yes,no,yes,yes,0.04,@ChinaDaily,4100154,2026-07-28T12:30:01.000Z,video,,40,,"#OneMoment A monkey is seen gently kissing its baby, holding it close as if the world outside didn't exist. No matter the species, #love is truly all around. 🐒❤️🐒 #FunChina https://t.co/V53vYssit3",syndication,,x_profile
73,CAPYCHAD,CAPY CHAD,,https://x.com/capy_chad,https://pump.fun/FTsYkiPz5k4shFrecNZjAWBBnKzQLeKsQHSCL76Xpump,https://ipfs.io/ipfs/bafybeidm5eiwo6i5a4ocn5bsups2dasjgr5gulnl3oamsns6p7g4emvfoa,7/28 5:07,FTsYkiPz5k4shFrecNZjAWBBnKzQLeKsQHSCL76Xpump,,,,,,,,,,,,,,,,,,,,,
74,MLST,MoodengLabubuSkibidiToilet,,https://x.com/Felixonchain/status/2082061589352460305,https://pump.fun/BZWb7ovJrXLcwnDF6YeCTCvSXAYANVaf2GFnwC7jpump,https://axiomtrading-v2.axiom-cdn.io/9d4XDf9eLGVV5HpXyyvRruqY8uFWAQ1CbFzsd9k9pump.webp,7/28 12:14,BZWb7ovJrXLcwnDF6YeCTCvSXAYANVaf2GFnwC7jpump,,,,,,,,,,,,,,,,,,,,,
75,CATHOOD,CATHOOD,"Born in the shadows. United by instinct. CATHOOD is the on-chain brotherhood of cats who never chase the market, because the market eventually comes to them",https://x.com/CATHOODonCHAIN,https://pump.fun/BG4PipQrP7kQfhkSYp9DSMpbAp6G2nDttNJNeDLppump,https://ipfs.io/ipfs/bafybeieazoygwt6xdz6wmm4zbb5agdxovfnpwaq52bouheld3d4m7l6kxe,7/28 20:31,BG4PipQrP7kQfhkSYp9DSMpbAp6G2nDttNJNeDLppump,,,,,,,,,,,,,,,,,,,,,
76,PHILO,PHILOSOPHY,,,https://pump.fun/21GYgbKaPiddut4ScLh4Ah9DWRFoNhAxvMgqTi1Zpump,https://ipfs.io/ipfs/bafybeidrkuloy4umkuzhr6kwpsl7r7yih2vq4qxktw3ernqsjdn24aks7y,7/29 5:28,21GYgbKaPiddut4ScLh4Ah9DWRFoNhAxvMgqTi1Zpump,,,,,,,,,,,,,,,,,,,,,
77,SOL,Solana,,https://x.com/zennycooks/status/2082261239443366348,https://pump.fun/F5gwtMWCg4QACzUocwovmN38H4cLYYXLpWFQwa6zpump,https://axiomtrading-v2.axiom-cdn.io/7iv4adv1hskkBT9zsRSo8WD24aXtivhWRcAZM5c3pump.webp,7/29 1:27,F5gwtMWCg4QACzUocwovmN38H4cLYYXLpWFQwa6zpump,,,,,,,,,,,,,,,,,,,,,
78,SMOLE,The Smol Mole,"The Smol Mole $SMOLE by @0xdekadente , Same deployer as the 2024 $SMOLE that raised ~$32M in presale and hit $200M MC. @0xdekadente is back and ready to run it…",https://x.com/0xDekadente,https://pump.fun/WZVLfrUKSjDLPumN4ZTFB3D8GYmZRaW9JcxWSqfpump,https://ipfs.io/ipfs/QmUBia33KPmHqUN3LBTLfqiDLK4YxuBRCTRvTYGguudvpC,7/27 14:32,WZVLfrUKSjDLPumN4ZTFB3D8GYmZRaW9JcxWSqfpump,,,,,,,,,,,,,,,,,,,,,
79,WhiteFrank,The White Frank,,,https://pump.fun/Bo6aC6sjk8uvBYSiKCuqX1VfQe9aTxLKwR8hXLj5pump,https://ipfs.io/ipfs/bafybeiaqp3lalzfx2n3ioeaqwza65e56ecboy2ev4uh44muenepvjqswca,7/29 4:16,Bo6aC6sjk8uvBYSiKCuqX1VfQe9aTxLKwR8hXLj5pump,,,,,,,,,,,,,,,,,,,,,
80,Buck,Buck To the Moon,,https://x.com/Interior/status/2081862314483916887,https://pump.fun/DNfDQBbpbo7QbNB4xACtJS9oPmfXQWgCN2LDhJzopump,https://ipfs.io/ipfs/bafkreihrzi667phmb2x7tuqe72xj4lqq555bysnhkuubvmu25yxlw4pjnq,7/27 23:05,DNfDQBbpbo7QbNB4xACtJS9oPmfXQWgCN2LDhJzopump,https://x.com/interior/status/2081862314483916887?s=46,x,,yes,no,yes,no,no,no,0.09,@Interior,4659540,2026-07-27T22:00:29.000Z,image,,77,,"Hey, look up. 🌕 

On July 29, the full Buck Moon will light up the night sky. 

Named for the time of year when male deer begin growing new antlers, July's full moon is a good reminder to step outside, slow down and spend a little time gazing at the night sky. 

Photo of full https://t.co/3Ttnbg01RA",syndication,,x_profile
81,FIT,Fish In Tube,,https://x.com/nourothedev/status/2082053062353432677?s=20,https://pump.fun/3MrZ2Y3BxMMqiJURCMj34XDU3kCwPcfup37ETMfEpump,https://metadata.j7tracker.io/images/M7bxiX2iFT,7/28 12:43,3MrZ2Y3BxMMqiJURCMj34XDU3kCwPcfup37ETMfEpump,https://x.com/sciencegirl/status/2081699755965505804?s=46,,,,,,,,,24.49,@sciencegirl,5804408,2026-07-27T11:14:32.000Z,video,,4437,,This guy built a roller coaster to stop his fish getting bored  https://t.co/SuHVczkZiZ,syndication,,x_profile
82,DIP,Degens in Pain,,https://x.com/degensinpaindev,https://pump.fun/7A6WimUrFyXYdXLkDi1mrja1SkdnDYL4vEoXx1E4pump,https://ipfs.io/ipfs/bafybeicn3nvmfgekppx6ckecie6mhlnnrv2ny35mejy732t66drw5tq55a,7/28 18:11,7A6WimUrFyXYdXLkDi1mrja1SkdnDYL4vEoXx1E4pump,,,,,,,,,,,,,,,,,,,,,
83,TRENCHLIFE,Trench Life,The official token tied to the Trench Life MMO game.,https://x.com/TrenchLifeGame,https://pump.fun/92t87DktrvYAi4yuv4TwhAbF4E2C934rJf9zqgsipump,https://ipfs.io/ipfs/bafybeiauxf6lnxb5byejrewsmnwg7t7peg47h7gtrghix47upejjvwl6gi,7/27 17:30,92t87DktrvYAi4yuv4TwhAbF4E2C934rJf9zqgsipump,,,,,,,,,,,,,,,,,,,,,
84,SANDWICH,Toasted Sandwich,Deployed using https://j7tracker.io,https://x.com/lebombjam/status/2082132880294060198,https://pump.fun/Hpf5NwbQ9EViDwijzXjqszAizB9js9NKo7X65oTupump,https://metadata.j7tracker.io/images/d2430996c64d45a9,7/28 17:05,Hpf5NwbQ9EViDwijzXjqszAizB9js9NKo7X65oTupump,https://x.com/sloshua_/status/2081928207574639092?s=46,x,,yes,yes,yes,yes,no,yes,13.55,@sloshua_,9842,2026-07-28T02:22:19.000Z,image,,158,,"well, i have made Three animals. I do not want to have them Any more. take your pick https://t.co/rh5IAoPZql",syndication,,x_profile
85,$OTTER,Solana Otter,"That super cute otter wearing a white T-shirt with the Solana gradient logo, standing up to ask for treats. It is the official livestream's 'Chief Snack-Loving…",https://x.com/solana/status/2082134772944437439,https://pump.fun/92sfaLXrD8w2PX8DUvektqs9Yw1U31Q7gL8eBUikpump,https://ipfs.io/ipfs/bafkreieikpm7cvzcpgib2xgx7p5im2o6n5s4jkmljxdurijb2wexwzzz5u,7/28 17:15,92sfaLXrD8w2PX8DUvektqs9Yw1U31Q7gL8eBUikpump,,,,,,,,,,,,,,,,,,,,,
86,meme,meme,Deployed using https://j7tracker.io,https://x.com/i/communities/2003251610185540075,https://pump.fun/FiKB42eVHmGkcSTLmTwdNESwfxjbicQfFYjb5cHppump,https://metadata.j7tracker.io/images/f69bcd449d2b43e7,7/28 17:58,FiKB42eVHmGkcSTLmTwdNESwfxjbicQfFYjb5cHppump,,,,,,,,,,,,,,,,,,,,,
87,RACOMUSK,RACOMUSK,,https://x.com/RACOMUSK,https://pump.fun/Aa35KEVK4XDxgagd5W4zNg4DRFvtsbx5EYzAgZqjpump,https://ipfs.io/ipfs/bafybeigcn7cxixcri33nn4lmbtv64l5l634vckqbi5knldywjruvwbztj4,7/28 8:43,Aa35KEVK4XDxgagd5W4zNg4DRFvtsbx5EYzAgZqjpump,,,,,,,,,,,,,,,,,,,,,
88,MFUEL,Mad Fuel,,https://x.com/madrichclub_,https://pump.fun/5aPVnH8NJ1ByhioARq4qVKU4Y7UYdW37CQn8ibCApump,https://ipfs.io/ipfs/bafybeid3xb5sicrl2bajr6so5ccjf54ml4jqcuvc727xb3d6mzbphhnyrq,7/28 2:41,5aPVnH8NJ1ByhioARq4qVKU4Y7UYdW37CQn8ibCApump,,,,,,,,,,,,,,,,,,,,,
89,DuckMask,DuckwifMask,,https://x.com/search?q=DuckwifMask&src=typed_query&f=top,https://pump.fun/9Ruu6mcsJ84DnBkW5Cu2Em3cFmwEqHGJh7konCgppump,https://ipfs.io/ipfs/bafybeigovcmu7prtsyvlmnc5ts5y4cdipwrxossygjeefufu6bi5d56cse,7/27 22:34,9Ruu6mcsJ84DnBkW5Cu2Em3cFmwEqHGJh7konCgppump,,,,,,,,,,,,,,,,,,,,,
90,Bungalu,The Odyssean Elephant,https://www.youtube.com/watch?v=o-CRlTN55K4,https://x.com/Adolf_Nigler7/status/2082113125520744803,https://pump.fun/2ENza2td1vrHsA5KTBxKXS6KwQMxA6m8yVtpeEN6pump,https://axiomtrading-v2.axiom-cdn.io/Kh3Ntmzm9n856c2JWFd8f4sCuYVu1g6x1zEHcTLpump.webp,7/28 15:41,2ENza2td1vrHsA5KTBxKXS6KwQMxA6m8yVtpeEN6pump,https://youtu.be/1Cil6X8xBjI?is=M6mlNSDJIBHyicyD,youtube,,yes,yes,yes,no,no,yes,,Sheldrick Trust,,,video,,,,"Introducing Bungalu, An Orphaned Elephant Who Survived an Odyssey | Sheldrick Wildlife Trust",youtube_oembed,,
91,GOAP,Global Oil Asset Plan,Official Global Oil Asset Plan Coin.,,https://pump.fun/WiB7xUq9QhYpPev5xp2gQUkYPPFzBc8doFEY4tBpump,https://ipfs.io/ipfs/bafybeiagc6cfmqv46m35ehgkendxmfvkkb7gntmbufizitj3bkcxmzp7xi,7/27 17:13,WiB7xUq9QhYpPev5xp2gQUkYPPFzBc8doFEY4tBpump,,,,,,,,,,,,,,,,,,,,,
92,TNOS,TNOS,$TNOS represents a new global standard. Finally giving Americans exposure to the global oil supply custodied and structured through institutional partners. One…,,https://pump.fun/ohxBWcjo5BsABGLSL86G5U9CrCJNtxoYo5KK3ZWpump,https://gmgn.ai/external-res/5d8dfea5ee7f2c11764a47e7222664de_v2l.webp,7/28 12:52,ohxBWcjo5BsABGLSL86G5U9CrCJNtxoYo5KK3ZWpump,,,,,,,,,,,,,,,,,,,,,
93,GigaDuck,Giga Duck,,https://x.com/search?q=Giga%20Duck&src=typed_query&f=top,https://pump.fun/6Acu8PnQkgDyamdgAZZa1PbDzzR6D7PsbmDFgpjZpump,https://ipfs.io/ipfs/bafybeict35felkytdoq6mvwd5dsshmaufsubqhcrjc22x6i3d7bzjupa2i,7/28 0:15,6Acu8PnQkgDyamdgAZZa1PbDzzR6D7PsbmDFgpjZpump,,,,,,,,,,,,,,,,,,,,,
94,SHITRACCON,The Shit Raccoon,,https://x.com/search?q=The%20Shit%20Raccoon&src=typed_query&f=top,https://pump.fun/6dW18i7QMiVRzVd9nxvTRxcDmPV7vrr94Y8Qhwtbpump,https://ipfs.io/ipfs/bafybeibk3tnojgcj3kln3ojpbm2zvlhsyonxbjbovlidk3yhmlutqbgduq,7/28 18:39,6dW18i7QMiVRzVd9nxvTRxcDmPV7vrr94Y8Qhwtbpump,,,,,,,,,,,,,,,,,,,,,
95,黃阿瑪,黃阿瑪,"His Majesty 黃阿瑪 has issued a royal decree: remove summer. 👑🐈 Ruler of laptops, palace cushions and unlimited tuna. The royal court has arrived on Solana.",https://x.com/fumeancat_sol,https://pump.fun/DVyHsC2eR5YcmygYAMb2dDbf8KXETzM92Q13yhbFpump,https://ipfs.io/ipfs/bafkreihn7riicruipzrao6rxcl5645m6sejsgattywez3xuf6ufps6ix4u,7/28 16:46,DVyHsC2eR5YcmygYAMb2dDbf8KXETzM92Q13yhbFpump,,,,,,,,,,,,,,,,,,,,,
96,BullFrank,Bull Frank,Just Bull Turtle,https://x.com/search?q=Bull%20Frank&src=typed_query,https://pump.fun/AgFuC7Wtzt1dx99T3psQKGSaJXoVYbsfvw7xB1aJpump,https://ipfs.io/ipfs/bafybeid67odyingzz25uwkyrkpvpi3g57xq5wb42a5ufbrsg3gsujxvmi4,7/29 2:30,AgFuC7Wtzt1dx99T3psQKGSaJXoVYbsfvw7xB1aJpump,,,,,,,,,,,,,,,,,,,,,
97,IPUL,Side Eye Cow,"IPUL, the viral Side Eye Cow, is exploding across TikTok and X with hundreds of millions of views. The original 300K+ follower creator is onboard and receives …",https://x.com/IPULSol,https://pump.fun/Azh3fwrGn9FfMZwPMbkovu5xibeCyXSYJ7Sfgj72pump,https://ipfs.io/ipfs/bafybeielzs3zxtbgzw3egr6lbd5kbdayenu7efqiqbwurxi3gr22al5drm,7/28 17:07,Azh3fwrGn9FfMZwPMbkovu5xibeCyXSYJ7Sfgj72pump,https://x.com/endbasee/status/2081372029077352573?s=46,x,,yes,yes,yes,yes,yes,yes,50.04,@endBasee,7846,2026-07-26T13:32:16.000Z,video,,482,,Me at the urinal when the guy besides me has a monster cock  https://t.co/vXpTvVZdIq,syndication,,x_profile
98,GTA6,Grand Theft Auto VI,,https://x.com/gta_vi_sol,https://pump.fun/Fcw46QRvUVqPFvXdSz5grHz8s7SHr1s2vNCpfVhCpump,https://cdn.dexscreener.com/cms/images/3UfTrf7dlWXksqv1?width=800&height=800&quality=95&format=auto,7/27 14:51,Fcw46QRvUVqPFvXdSz5grHz8s7SHr1s2vNCpfVhCpump,,,,,,,,,,,,,,,,,,,,,
99,BORB,BORB,,https://x.com/its_borb,https://pump.fun/Ch1MgUHErY1jruvHjekTwmB6eLEmFHxkojkYpka1pump,https://ipfs.io/ipfs/bafybeihztrfat7qino2svclrhhhzjxzvnahccvi63ns44hwmpk6synbwfq,7/28 7:24,Ch1MgUHErY1jruvHjekTwmB6eLEmFHxkojkYpka1pump,,,,,,,,,,,,,,,,,,,,,
100,BCAT,Bad Cat,"The Legendary Hustler, Master of Vice—He Smokes, Drinks, and Gambles Like a King.",https://x.com/BadCatSolPump,https://pump.fun/8kFboZiKNQ4jC8fyNAiCjm9YGV5qs99Ns7fCchdYpump,https://ipfs.io/ipfs/bafybeicdxxnysvpbdar7kuw3wmoqslvbfmfqx3woqx4xa6hrtznj3amgfq,7/28 14:57,8kFboZiKNQ4jC8fyNAiCjm9YGV5qs99Ns7fCchdYpump,,,,,,,,,,,,,,,,,,,,,
101,SHITBULL,The Shit Bull,,https://x.com/search?q=The%20Shit%20Bull&src=typed_query,https://pump.fun/Cukq5Sw6An9dRT7yCSJUiFioCwqpdNieGw8SjUBCpump,https://ipfs.io/ipfs/bafkreiapegh663g4hpbppvmpz4eny56p4c54niskyorowxitdwntkl5ikm,7/28 18:20,Cukq5Sw6An9dRT7yCSJUiFioCwqpdNieGw8SjUBCpump,,,,,,,,,,,,,,,,,,,,,
102,$GMALL,gm all 💚,gm all 💚,https://x.com/coingecko/status/2082194442937655431,https://pump.fun/EtUkK5ZdL9uWjeN2SnUb2GitFhvSHeb7chFZcg8Epump,https://ipfs.io/ipfs/bafkreibalz2sucx4uafkfkkjlyptkolrr6rhzkiyot34ppzwoxhj3hhcsu,7/28 21:25,EtUkK5ZdL9uWjeN2SnUb2GitFhvSHeb7chFZcg8Epump,,,,,,,,,,,,,,,,,,,,,
103,FRANK,The Frank Whale,,,https://pump.fun/9YUkwoeQG5jZYVqoZX4iW2Sr1tQtxp9aqHC7BmkRpump,https://ipfs.io/ipfs/bafybeieffyiapoydkdhidw6zrf6rhmzf2owb5b7wz6durfbftkwbtzcsca,7/29 7:06,9YUkwoeQG5jZYVqoZX4iW2Sr1tQtxp9aqHC7BmkRpump,,,,,,,,,,,,,,,,,,,,,
104,wifcoin,dogwifcoin,,,https://pump.fun/6ozpKcuayeEk2qdfzgUVCNomUagcctWdVY4znN1wpump,https://ipfs.io/ipfs/bafkreiazrrtdujcgyimbedgt7tofcdhode22h3jd2ezwcbnnktd4owh3ya,7/29 2:32,6ozpKcuayeEk2qdfzgUVCNomUagcctWdVY4znN1wpump,,,,,,,,,,,,,,,,,,,,,
105,OnlyMarms,OnlyMarms,Deployed using https://j7tracker.io,https://x.com/ticaonsol/status/2082117886328352831,https://pump.fun/EzdXWFnVHQLSMDBPKD7jbdWoPhxV6X7hUNhcbdNgpump,https://axiomtrading-v2.axiom-cdn.io/CwjQ6ynfF2RVurr24bcx8RZnbfnz4zYfEexgkCf8pump.webp,7/28 16:12,EzdXWFnVHQLSMDBPKD7jbdWoPhxV6X7hUNhcbdNgpump,https://x.com/picturesfoider/status/2081825171229540829?s=46,x,,yes,yes,yes,yes,yes,yes,19.39,@PicturesFoIder,5703588,2026-07-27T19:32:53.000Z,image,,117,,Scientists started a safe for work OnlyFans account called OnlyMarms for chunky marmots after research funding dried up https://t.co/Fl8OL4a5u5,syndication,,x_profile
106,SONYA,Sonya,,https://x.com/codysolami/status/2081859972736966909,https://pump.fun/3yhQt5puj1sxZLp7dWfGPwRZQbRzTQ7NTjLe23Fipump,https://ipfs.io/ipfs/bafybeiglokftjdh357xk3ngvxocnnasrwzgexjm266jkgk2zv7ifo4mwue,7/28 0:37,3yhQt5puj1sxZLp7dWfGPwRZQbRzTQ7NTjLe23Fipump,,,,,,,,,,,,,,,,,,,,,
107,ACTD,Act D : The Duck Prophecy,Act D : The Duck Prophecy,https://x.com/search?q=Act%20D%20%3A%20The%20Duck%20Prophecy&src=typed_query&f=top,https://pump.fun/4GvCNxtDXAXie4oPBgT128TQLYVsebLLiEotbpt6pump,https://ipfs.io/ipfs/bafybeihasatxaaesy2gdjpgwpt2qp46ye3f2xo7o273jhnzd4unfpm54ae,7/29 0:53,4GvCNxtDXAXie4oPBgT128TQLYVsebLLiEotbpt6pump,,,,,,,,,,,,,,,,,,,,,
108,FART,Fartcoin,https://www.youtube.com/watch?v=o-CRlTN55K4,https://x.com/fomo/status/2082137352814670021,https://pump.fun/rxtt7D5JY2ocUbLEpSG3LB4Zb3aQTW1gX6AYxrFpump,https://metadata.j7tracker.io/images/aB12mNTeST,7/28 17:13,rxtt7D5JY2ocUbLEpSG3LB4Zb3aQTW1gX6AYxrFpump,,,,,,,,,,,,,,,,,,,,,
109,PATIENCE,Patience,Solana launchpad. 70% locked on every token. You pick your lock. Trading fees flow back to the people who wait. Hold To Earn.,https://x.com/patience_run_,https://pump.fun/Fg9P4xK8pbYaumHhz7QEt2Uma3kNr4PSpEQtUVCgpump,https://ipfs.io/ipfs/bafkreih6gclrvzahpq7jpl5o2fhrndij7hv4zyd2tx3xwgda6axoajsuoa,7/27 22:53,Fg9P4xK8pbYaumHhz7QEt2Uma3kNr4PSpEQtUVCgpump,,,,,,,,,,,,,,,,,,,,,
110,MMM,Make Money Moves,,https://x.com/Kirodev7/status/2081810716240343514,https://pump.fun/6UgFtcjYSaBeCsDnNMKje71mZy3aznfWWKLpqv2Xpump,https://metadata.j7tracker.io/images/mUeNJID7be,7/27 19:36,6UgFtcjYSaBeCsDnNMKje71mZy3aznfWWKLpqv2Xpump,https://x.com/x/status/2081809802515136887?s=46,x,,yes,no,no,no,no,no,0.07,@X,60796500,2026-07-27T18:31:49.000Z,text,,760,,make money moves on X,syndication,,x_profile
111,Gumbus,Gumbus,Deployed using https://j7tracker.io,https://x.com/Dioss_Sol/status/2082124098923012514,https://pump.fun/2aB5FUXCzVyWFSb9UMFkwAcXDc23AhzFthfzyj2zpump,https://axiomtrading-v2.axiom-cdn.io/j5iyUGxEeLxzW9qxLsFUTzNhVoz85KqcT66sBgnpump.webp,7/28 17:22,2aB5FUXCzVyWFSb9UMFkwAcXDc23AhzFthfzyj2zpump,https://vm.tiktok.com/ZN8eAgXDV/,tiktok,,yes,yes,yes,yes,no,yes,,@gumbusandgracie1288,,,video,,,,Very cool!  #foryoupage #catsoftiktok #cattok #cat #funnycat,tiktok_oembed,,
112,んじ,Quakecat,,https://x.com/LevanInSolana/status/2082098197258723356?s=20,https://pump.fun/7jX1oS5ZbNcThyXUB92KgFYSa1yiRitKafwoScaYpump,https://axiomtrading-v2.axiom-cdn.io/5R2tBs8bLZp1nTv1ibciEhFo7XUfGdcP7KTwHSXgpump.webp,7/28 16:41,7jX1oS5ZbNcThyXUB92KgFYSa1yiRitKafwoScaYpump,https://x.com/purutyann2596/status/2082012279676264451?s=46,x,,yes,yes,yes,no,no,yes,5.69,@purutyann2596,764,2026-07-28T07:56:24.000Z,video,,2109,,"地震が起きた時のペットカメラ

どうか無事でいて…… https://t.co/TCV8fYyshL",syndication,,x_profile
113,Smug,r/SmugIdeologyMan,,https://x.com/i/communities/1960198612287414689,https://pump.fun/zRZ4M8LkC4BqFe5PrrCKy8ExfCAUXZ1zsAUYZp8pump,https://ipfs.io/ipfs/QmdNecs76ohTgBVEzHwTQCPQsJJaBo4Bv1H3aEiNbyS3qc,7/28 14:26,zRZ4M8LkC4BqFe5PrrCKy8ExfCAUXZ1zsAUYZp8pump,https://www.reddit.com/r/SmugIdeologyMan/hot/?screen_view_count=16&ext-referrer=DIRECT,reddit,,yes,yes,yes,yes,yes,yes,,,,,,,,,,failed,"Unexpected token '<', ""<!doctype ""... is not valid JSON",
114,DuckCoin,Duck Coin,,https://x.com/search?q=Duck%20Coin&src=typed_query&f=top,https://pump.fun/F9fAYJUD7sgYinaf6aLFvSq6vM3A6KyU8KfF1k2ppump,https://ipfs.io/ipfs/bafybeicbwqsqmkfkdbneokctg6yjeckaedeyx6ry53uzbcxs2tf6lkalou,7/28 0:02,F9fAYJUD7sgYinaf6aLFvSq6vM3A6KyU8KfF1k2ppump,,,,,,,,,,,,,,,,,,,,,
115,NINTH,Ninth Life Cat,Eight lives lost. One legend left. 🐈‍⬛9️⃣ The battle-worn cat spending his final life on Solana. Don’t waste it. Make it legendary.,https://x.com/ninthcatsol,https://pump.fun/72iFxQDMoqibHHAAEvgyYWPCa7u5F4D9v94e3fqTpump,https://ipfs.io/ipfs/bafybeibbc2xwebe5cln7ztbmukkxbanl6uanbel73kihbqge6n476bm7z4,7/28 13:32,72iFxQDMoqibHHAAEvgyYWPCa7u5F4D9v94e3fqTpump,,,,,,,,,,,,,,,,,,,,,
116,BULLCULT,Bull Cult,,https://x.com/joinbullcult/status/2082042423438459299,https://pump.fun/3LdQLw8ZBMcjjRL628MntdgS8KcsEunJWiRncXH6pump,https://ipfs.io/ipfs/QmZtqHmSGS3EU72ufu8KJe8AVRLc8w46MkLLN7sqNseUvB,7/28 13:24,3LdQLw8ZBMcjjRL628MntdgS8KcsEunJWiRncXH6pump,,,,,,,,,,,,,,,,,,,,,
117,Kkongkkuni,Kkongkkuni,,https://x.com/TobiasJochike/status/2081811863323791471,https://pump.fun/5qMark4D7SufKYWhVGrHQ8rzwuYWEBT4Ac1CxqcMpump,https://axiomtrading-v2.axiom-cdn.io/4gCx9dERFqcLg5qDLQVsUmvnf6iXtJLeXQFg9f9Qpump.webp,7/27 19:40,5qMark4D7SufKYWhVGrHQ8rzwuYWEBT4Ac1CxqcMpump,,,,,,,,,,,,,,,,,,,,,
118,CASHCATE,Cash Cate,"50% Cash, 50% Cate, 100% CASH CATE!",https://x.com/cashcatex,https://pump.fun/CNW3jzgCvKqiViyu59chfinwnqcWzCHCDYH2CktZpump,https://ipfs.io/ipfs/bafybeid47cy3kagaqug5y23rzc4q2cgrvzjgd2mikpzcmgtsiblcm7tnpu,7/29 10:50,CNW3jzgCvKqiViyu59chfinwnqcWzCHCDYH2CktZpump,,,,,,,,,,,,,,,,,,,,,
119,Smuggies,Smuggies,Created on https://rapidlaunch.io,https://x.com/Wonderful_Devs/status/2082082505495101548,https://pump.fun/BkZtsy3BQZmBZYqvmZbgmNVYTWJMZnwdkZ2i2HUtpump,https://m.rapidlaunch.io/images/i5K0ZVzfs.jpg,7/28 14:43,BkZtsy3BQZmBZYqvmZbgmNVYTWJMZnwdkZ2i2HUtpump,,,,,,,,,,,,,,,,,,,,,
120,Nudify,Nudification,memecoin,https://x.com/elonmusk/status/2082357215978242249,https://pump.fun/EexcTaCkW1JtQTy7xD153fLcP2MvWBsk9RURcEeqpump,https://axiomtrading.sfo3.cdn.digitaloceanspaces.com/86vkg8mvtTbV9p4tx2Xft53qySQbNjTeJNDuicf5pump.webp,7/29 7:49,EexcTaCkW1JtQTy7xD153fLcP2MvWBsk9RURcEeqpump,,,,,,,,,,,,,,,,,,,,,
121,TripleD,sahur duck,,https://x.com/search?q=TripleD&src=typed_query,https://pump.fun/2Q55pF6HL1tcGqTU4oTpsYsVL8GYbBZGoBB9ntDopump,https://ipfs.io/ipfs/bafybeigrvfbsm5efuwlqxtvr445vucbik24iah7txne3mugy24jymuzuhm,7/27 20:54,2Q55pF6HL1tcGqTU4oTpsYsVL8GYbBZGoBB9ntDopump,https://x.com/andydeveloper4/status/2080150416407318626?s=46,x,,yes,yes,yes,yes,no,no,111.28,@AndyDeveloper4,116,2026-07-23T04:38:01.000Z,image,,2,,"We allways send Tung Tung narras on pump.

Lets give bonk a runner finally. 

This is perfect for bonk.

$TripleD

https://t.co/h5VvcQfouL

https://t.co/6vzaF3OaFi https://t.co/Vp5Wb2zHCu",syndication,,x_profile
122,Dragon,The SpaceX Dragon,Deployed using https://j7tracker.io,https://x.com/i/status/2081820146398527948,https://pump.fun/CLtoLBA9peysTKE659RzPZMg4iouK4Wj1N9ratikpump,https://ipfs.io/ipfs/bafkreigdrfp3tfij5fr4z557u4uxcwnb6zrjts2afw2vsd6qiamxm6h4t4,7/27 20:13,CLtoLBA9peysTKE659RzPZMg4iouK4Wj1N9ratikpump,,,,,,,,,,,,,,,,,,,,,
123,Duckzy,Duckzy,,https://x.com/search?q=Duckzy&src=typed_query,https://pump.fun/Ds2vXGekYFP1HatAwwjqHHdUEJFDqGa3Crv1fVaLpump,https://ipfs.io/ipfs/bafybeigzqi624noguyxkf4tjhizu2cphrxiwkib6ktsmrpscsnnhppmxn4,7/27 20:26,Ds2vXGekYFP1HatAwwjqHHdUEJFDqGa3Crv1fVaLpump,,,,,,,,,,,,,,,,,,,,,
124,Kendy,Kendy,A cheerful purple blob spreading joy in a colorful pastel world.,https://x.com/search?q=Kendy&src=typed_query&f=top,https://pump.fun/CTwL9rF4QoyPthXMXmedRr6qzFNmGVaLgT347PJbpump,https://ipfs.io/ipfs/bafybeifam7u5eubi7xeti5kcnu4q5tcj3wlkifqxcyi4t3yl4kovalmkse,7/29 5:23,CTwL9rF4QoyPthXMXmedRr6qzFNmGVaLgT347PJbpump,,,,,,,,,,,,,,,,,,,,,
125,EPIKPSYOP,TEH EPIK PSYOP,,,https://pump.fun/HE9iJvtoVMJzYtL6rUjuwiUkVv7sRivLLkZJdhGNpump,https://ipfs.io/ipfs/bafkreicdowskyksxynzkf2oq2ire4uhrflcz6xbdq3ouvut25oqgj6l4wa,7/27 14:48,HE9iJvtoVMJzYtL6rUjuwiUkVv7sRivLLkZJdhGNpump,,,,,,,,,,,,,,,,,,,,,
126,sandy,cybercat,Deployed using https://j7tracker.io,https://x.com/untakened7/status/2082291494530986000,https://pump.fun/9UsSPHwYNdYNP5vzjv6aHWVzHMJqB3tiPqyrwYTspump,https://ipfs.io/ipfs/bafkreidkzpsakxjpawhhkwss3xaihcegaqywyvm5rmyuj27k2tzmsy5lqi,7/29 3:35,9UsSPHwYNdYNP5vzjv6aHWVzHMJqB3tiPqyrwYTspump,,,,,,,,,,,,,,,,,,,,,
127,Turtemoji,Turtemoji,,,https://pump.fun/6aVyqut51j5XcijtpyY7BP5PV9tjyUa7wVWPhPNFpump,https://ipfs.io/ipfs/bafkreic3y7mi7f57sxnbrg74boaq3336r3ymwhzeee4lshvo7qa577w2zm,7/29 4:00,6aVyqut51j5XcijtpyY7BP5PV9tjyUa7wVWPhPNFpump,,,,,,,,,,,,,,,,,,,,,
128,GDWR,GDWR,,,https://pump.fun/Bk51awBXWkRsNzSEdcz46AMFANwtaJy2chuaptNpump,https://pbs.twimg.com/profile_images/2070931805918613505/_PJmP1rV_400x400.jpg,7/28 12:16,Bk51awBXWkRsNzSEdcz46AMFANwtaJy2chuaptNpump,,,,,,,,,,,,,,,,,,,,,
129,Faucit,Faucit,,https://twitter.com/beeple/status/2082314834754908634,https://pump.fun/DyKfZf1Xac5hVArErC9heAQP3TZbpF9Qv41a7LUZpump,https://ipfs.io/ipfs/bafkreidzb3kbqus6rohzajqlmtpx7taky5mqddy6hijzkitwrm7y3nicae,7/29 5:00,DyKfZf1Xac5hVArErC9heAQP3TZbpF9Qv41a7LUZpump,,,,,,,,,,,,,,,,,,,,,
130,EPIKMASK,TEH EPIK WIF MASK,,,https://pump.fun/Cs5drA17exAhjkJ2uttLxb13Y6dopKrQovZ1KCNGpump,https://ipfs.io/ipfs/bafkreieyx2r4s2rasl7bwacplr5z3nkmwb52mt5bpjw6ff5upfne5hvnta,7/27 14:16,Cs5drA17exAhjkJ2uttLxb13Y6dopKrQovZ1KCNGpump,,,,,,,,,,,,,,,,,,,,,
131,dogecoin,💛 dogecoin,💛 dogecoin,https://x.com/DogeOS/status/2082178181105156356,https://pump.fun/2ScG9cN6WihspBgvgsUdL2GxDpLSP3krvzHtFVh9pump,https://ipfs.io/ipfs/bafkreibovaoo5tu6uxn22i2xq5fvmkcgzhobfaqg6hbjuwczjfi7socqrm,7/28 20:25,2ScG9cN6WihspBgvgsUdL2GxDpLSP3krvzHtFVh9pump,https://x.com/dogeos/status/2082178181105156356?s=46,x,,yes,yes,yes,no,no,no,0.49,@DogeOS,191585,2026-07-28T18:55:38.000Z,image,,39,,I 💛 dogecoin https://t.co/m5eYL9p9RZ,syndication,,x_profile
132,ape,ape this,,https://x.com/i/communities/2028756455055376758,https://pump.fun/89jbR9jiD9qZbrhcSasHNMxVaQ3zxPECAovPbevApump,https://axiomtrading-v2.axiom-cdn.io/H5gqBMEvU5fDyVZWooASikoi7MtZyWHDJA3vM5dhpump.webp,7/28 13:30,89jbR9jiD9qZbrhcSasHNMxVaQ3zxPECAovPbevApump,,,,,,,,,,,,,,,,,,,,,
133,the duck,the duck,,https://x.com/search?q=theduck&src=typed_query,https://pump.fun/4Yv8MzugUs1oJuUsWQSy51SVXNK3nRNqo1M7p7oypump,https://ipfs.io/ipfs/bafybeihb7ewrsxmhw5jedz5dioshzm7s4xyheebqrsp65qmans54ukthrm,7/27 20:35,4Yv8MzugUs1oJuUsWQSy51SVXNK3nRNqo1M7p7oypump,,,,,,,,,,,,,,,,,,,,,
134,BULLWIF,Bull Wif Hat,Bull Wif Hat,https://x.com/search?q=Bull%20Wif%20Hat&src=typed_query&f=top,https://pump.fun/2K2v4xQy3LY189ThjDB2Vba7L3WKcCrvHt8irtXKpump,https://ipfs.io/ipfs/bafybeihu2oo3i7xkzp6b3w6djvyjhwlcds662fi6ivh7t2lil5r2zkbpgm,7/29 3:00,2K2v4xQy3LY189ThjDB2Vba7L3WKcCrvHt8irtXKpump,,,,,,,,,,,,,,,,,,,,,
135,RABBIT,WHITE RABBIT,"The key to a warren of automated trading tools on Solana. Hold $RABBIT, unlock an AI gold bot, 70-80% winrate indicators, a whale spy, a scalper and private in…",https://x.com/Befbunny,https://pump.fun/Fg75gUo5qtQhL3iU6iaXaD8b818RK1zGeuysiqFApump,https://ipfs.io/ipfs/bafybeicixft57ej4awl35iz7hj5ygjit3tygfdzeykw646bs5psm4p372u,7/27 15:05,Fg75gUo5qtQhL3iU6iaXaD8b818RK1zGeuysiqFApump,,,,,,,,,,,,,,,,,,,,,
136,TURTMOG,Turtmog,,,https://pump.fun/3zvjFtrL7crCpB2g1BzSPRpnjhQ1iDZ1xukGCJvfpump,https://ipfs.io/ipfs/bafkreibnqzep7rbxkd7ykj3b6ee4d56ejf2ugpcqpr2brj4d4hjo6f3csm,7/29 2:45,3zvjFtrL7crCpB2g1BzSPRpnjhQ1iDZ1xukGCJvfpump,,,,,,,,,,,,,,,,,,,,,
137,PULSEDRIVE,PULSEDRIVE by Claude,PULSEDRIVE by Claude,https://x.com/nostaigicgareth/status/2080932466856989117?s=46,https://pump.fun/9NnLA6x8rMUDhmULmUFWEBAFq4PR6ovXsiy9gYMvpump,https://ipfs.io/ipfs/bafkreiaqbof246s4hhhosqdjdmp25hgajju7vovaguymla4c5lea7dmihe,7/29 1:14,9NnLA6x8rMUDhmULmUFWEBAFq4PR6ovXsiy9gYMvpump,https://x.com/digi_dot_exe/status/2080932096655376510?s=46,x,,yes,no,yes,no,no,no,0.04,@digi_dot_exe,533,2026-07-25T08:24:08.000Z,video,,13,,"Claude Opus 5 is blowing it out of the water!!

Today we built a rhythm racer that turns any song into a racetrack 🎧

github link: https://t.co/NVvvtqo6t4

You drop in an audio file and it becomes the level. no presets, no hand-authored charts, the entire track is generated from https://t.co/CYhZw2IAZG",syndication,,x_profile
138,JOSE,jose,,https://x.com/thedevrrrrrrr/status/2082116272138092705,https://pump.fun/78vzAhJB8rrrThAGmfeRvujVrv1tChzYMPGVJrfdpump,https://m.rapidlaunch.io/images/9khRU0Y9n.jpg,7/28 17:09,78vzAhJB8rrrThAGmfeRvujVrv1tChzYMPGVJrfdpump,https://www.tiktok.com/@antonio.miranda1686/video/7665914417283861778,tiktok,,yes,yes,yes,yes,no,no,,@antonio.miranda1686,,,video,,,,,tiktok_oembed,,
139,Duck 47,Hit Duck,,https://x.com/search?q=Hit%20Duck&src=typed_query&f=top,https://pump.fun/8Q4gva6my5h3327f1tY8a67VwA8xRtFfW2F8Zg5Mpump,https://ipfs.io/ipfs/bafybeicbqlrlt6ed5w2e5eyyo3bbyak54lcemloigysst366b4pivwe5qy,7/28 0:43,8Q4gva6my5h3327f1tY8a67VwA8xRtFfW2F8Zg5Mpump,,,,,,,,,,,,,,,,,,,,,
140,bullrek,bullrek,,,https://pump.fun/CA3TC3NG5CeLARATrrbKZM2XgS7NQRAUMopBBTRYpump,https://ipfs.io/ipfs/bafkreihfdnua2kgsbfsv3wsztbspqr5z5rk2wcpfe4wz3asz777dnatt7i,7/27 23:11,CA3TC3NG5CeLARATrrbKZM2XgS7NQRAUMopBBTRYpump,,,,,,,,,,,,,,,,,,,,,
141,Pempy,Pempy,A cheerful candy-shop kitty with a sweet smile and a playful turtle hat,https://x.com/search?q=Pempy&src=typed_query&f=top,https://pump.fun/FvHzb8fo1S9jNvXo2y8thJUBB3p3dtAvyDD1Ucjgpump,https://ipfs.io/ipfs/bafybeif7w3nyustfci5gryiatrlrltunylvthbp4ecfozkui3vahrtbgdm,7/28 3:02,FvHzb8fo1S9jNvXo2y8thJUBB3p3dtAvyDD1Ucjgpump,,,,,,,,,,,,,,,,,,,,,
142,Cabal,The Cabal,Deployed using https://j7tracker.io,https://x.com/cabalonpf,https://pump.fun/D4TyvfRCxvKrGopcwgHRQsjA3o4osSaQZkwEnW7ppump,https://metadata.j7tracker.io/images/a6913d31c5804683,7/27 20:23,D4TyvfRCxvKrGopcwgHRQsjA3o4osSaQZkwEnW7ppump,,,,,,,,,,,,,,,,,,,,,
143,MOP,Man On Powerlines,,https://x.com/AxTrades32/status/2081841974529646722?s=20,https://pump.fun/7CMecyzCge3SQJHpdRvU7U2itegm1ZQBS6qqtVL6pump,https://ipfs.io/ipfs/bafkreihby36l6wyzpyn3jkbs3gvb75ylhzjtd6now6hc52sowviranol7u,7/27 21:42,7CMecyzCge3SQJHpdRvU7U2itegm1ZQBS6qqtVL6pump,,,,,,,,,,,,,,,,,,,,,
144,TrollDuck,Troll Duck,,https://x.com/search?q=Troll%20Duck&src=typed_query&f=top,https://pump.fun/2j4fqXYriSj7eaSo5ua1KNHmfYaQS87crY2WBu8vpump,https://ipfs.io/ipfs/bafybeihqyowukrotz4tujhb6irkx7jjllo2yqyktopqqok2t2nc2yr5gwm,7/27 21:07,2j4fqXYriSj7eaSo5ua1KNHmfYaQS87crY2WBu8vpump,,,,,,,,,,,,,,,,,,,,,
145,ROBINJACK,ROBINJACK,$ROBINJACK — The Legend of Sherwood Reborn on Blockchain. Inspired by the Robinhood Chain movement. A community-powered uprising to reclaim financial freedom. …,,https://pump.fun/A11yfr1trWZSdZNSw5oZqG8YADwq896A75Q6nibcpump,https://ipfs.io/ipfs/bafybeifou3ny24ys6se5k4qfiupckjwejbw2z3mgzmtl4yodea5r5wpxmy,7/28 4:17,A11yfr1trWZSdZNSw5oZqG8YADwq896A75Q6nibcpump,,,,,,,,,,,,,,,,,,,,,
146,Tubtim,ทับทิม,,https://x.com/vegadevv/status/2081659657169342635?s=20,https://pump.fun/EUHUUi1RBM56DigK4W4ehbGG9vuXHGCaxNRQxwb7pump,https://ipfs.io/ipfs/QmSysiTycm4LxcRUgHn3j2LKoDfkkh2sKVqnUP7xcZMPhV,7/28 9:19,EUHUUi1RBM56DigK4W4ehbGG9vuXHGCaxNRQxwb7pump,https://instagram.com/p/DbIGHHpRgHh/,instagram,,yes,yes,yes,no,no,no,,,,,,,,,,failed,"Unexpected token '<', ""<!DOCTYPE ""... is not valid JSON",
147,naseem,a bum today can be a boss tmrw,,https://x.com/thedevrrrrrrr/status/2081891288862073147,https://pump.fun/BE9vt93n1V16G2XjV3dSnwiTRMEzUV4fxHQYP3u4pump,https://axiomtrading-v2.axiom-cdn.io/EvaYGBCUpPSBJC9KYo11C22wispY2WfD2azYkFxEpump.webp,7/28 0:56,BE9vt93n1V16G2XjV3dSnwiTRMEzUV4fxHQYP3u4pump,,,,,,,,,,,,,,,,,,,,,
148,USOS,United States Oil Supply,Official United States Oil Supply Coin.,,https://pump.fun/3aQ341XkAyq6474VfU8JDR6kCbfaJan3JSMg9ZgApump,https://ipfs.io/ipfs/bafybeicxhht56j3kt65y5w422j6c3fhlowl5qkv2wy6h63xld7v25ye6qm,7/28 0:33,3aQ341XkAyq6474VfU8JDR6kCbfaJan3JSMg9ZgApump,,,,,,,,,,,,,,,,,,,,,
149,PippinDuck,Pippin Duck,,https://x.com/search?q=%24PippinDuck&src=typed_query&f=top,https://pump.fun/5XVm9Vfo9b6PkuHjVYEVaPvvRT4KRZhPw9mihheTpump,https://ipfs.io/ipfs/bafybeieaefe5lxndkruxwjsae4mdwq7bwk3zenhigl7drr7aqfuxhtttj4,7/28 4:36,5XVm9Vfo9b6PkuHjVYEVaPvvRT4KRZhPw9mihheTpump,,,,,,,,,,,,,,,,,,,,,
150,CHILLDUCK,Just a chill duck,,https://x.com/search?q=%24CHILLDUCK&src=typed_query,https://pump.fun/4hQbxGZSjECc2Fp1YFUDRQyQbmCWuXYFrCpnVt2ppump,https://ipfs.io/ipfs/bafybeicclidwhsabbvbz3eirjv3x6xacwotffhepc5ogoipc3cfzlfp4qu,7/29 11:22,4hQbxGZSjECc2Fp1YFUDRQyQbmCWuXYFrCpnVt2ppump,,,,,,,,,,,,,,,,,,,,,
